-0.045,-0.215,0.025,
-0.045,-0.215,0.035,
-0.045,-0.215,0.045,
-0.045,-0.205,0.025,
-0.045,-0.205,0.035,
-0.045,-0.205,0.045,
-0.045,-0.195,0.025,
-0.045,-0.195,0.035,
-0.045,-0.195,0.045,
-0.045,-0.185,0.025,
-0.045,-0.185,0.035,
-0.045,-0.185,0.045,
-0.045,-0.175,0.025,
-0.045,-0.175,0.035,
-0.045,-0.175,0.045,
-0.045,-0.165,0.025,
-0.045,-0.165,0.035,
-0.045,-0.165,0.045,
-0.045,-0.155,0.025,
-0.045,-0.155,0.035,
-0.045,-0.155,0.045,
-0.045,-0.145,0.025,
-0.045,-0.145,0.035,
-0.045,-0.145,0.045,
-0.045,-0.135,-0.015,
-0.045,-0.135,-0.005,
-0.045,-0.135,0.005,
-0.045,-0.135,0.015,
-0.045,-0.135,0.025,
-0.045,-0.135,0.035,
-0.045,-0.135,0.045,
-0.045,-0.125,-0.015,
-0.045,-0.125,-0.005,
-0.045,-0.125,0.005,
-0.045,-0.125,0.015,
-0.045,-0.125,0.025,
-0.045,-0.125,0.035,
-0.045,-0.125,0.045,
-0.045,-0.115,-0.015,
-0.045,-0.115,-0.005,
-0.045,-0.115,0.005,
-0.045,-0.115,0.015,
-0.045,-0.115,0.025,
-0.045,-0.115,0.035,
-0.045,-0.105,-0.015,
-0.045,-0.105,-0.005,
-0.045,-0.105,0.005,
-0.045,-0.105,0.015,
-0.045,-0.105,0.025,
-0.045,-0.105,0.035,
-0.045,-0.095,-0.015,
-0.045,-0.095,-0.005,
-0.045,-0.095,0.005,
-0.045,-0.095,0.015,
-0.045,-0.095,0.025,
-0.045,-0.095,0.035,
-0.045,-0.085,-0.015,
-0.045,-0.085,-0.005,
-0.045,-0.085,0.005,
-0.045,-0.085,0.015,
-0.045,-0.085,0.025,
-0.045,-0.085,0.035,
-0.045,-0.075,-0.015,
-0.045,-0.075,-0.005,
-0.045,-0.075,0.005,
-0.045,-0.075,0.015,
-0.045,-0.075,0.025,
-0.045,-0.075,0.035,
-0.045,-0.065,-0.015,
-0.045,-0.065,-0.005,
-0.045,-0.065,0.005,
-0.045,-0.065,0.015,
-0.045,-0.065,0.025,
-0.045,-0.065,0.035,
-0.045,-0.055,-0.015,
-0.045,-0.055,-0.005,
-0.045,-0.055,0.005,
-0.045,-0.055,0.015,
-0.045,-0.055,0.025,
-0.045,-0.055,0.035,
-0.045,-0.045,-0.015,
-0.045,-0.045,-0.005,
-0.045,-0.045,0.005,
-0.045,-0.045,0.015,
-0.045,-0.045,0.025,
-0.045,-0.045,0.035,
-0.045,-0.035,-0.015,
-0.045,-0.035,-0.005,
-0.045,-0.035,0.005,
-0.045,-0.035,0.015,
-0.045,-0.035,0.025,
-0.045,-0.035,0.035,
-0.045,-0.025,-0.015,
-0.045,-0.025,-0.005,
-0.045,-0.025,0.005,
-0.045,-0.025,0.015,
-0.045,-0.025,0.025,
-0.045,-0.025,0.035,
-0.045,-0.015,-0.015,
-0.045,-0.015,-0.005,
-0.045,-0.015,0.005,
-0.045,-0.015,0.015,
-0.045,-0.015,0.025,
-0.045,-0.015,0.035,
-0.045,-0.005,-0.015,
-0.045,-0.005,-0.005,
-0.045,-0.005,0.005,
-0.045,-0.005,0.015,
-0.045,-0.005,0.025,
-0.045,-0.005,0.035,
-0.035,-0.215,0.025,
-0.035,-0.215,0.035,
-0.035,-0.215,0.045,
-0.035,-0.205,0.025,
-0.035,-0.205,0.035,
-0.035,-0.205,0.045,
-0.035,-0.195,0.025,
-0.035,-0.195,0.035,
-0.035,-0.195,0.045,
-0.035,-0.185,0.025,
-0.035,-0.185,0.035,
-0.035,-0.185,0.045,
-0.035,-0.175,0.025,
-0.035,-0.175,0.035,
-0.035,-0.175,0.045,
-0.035,-0.165,0.025,
-0.035,-0.165,0.035,
-0.035,-0.165,0.045,
-0.035,-0.155,0.025,
-0.035,-0.155,0.035,
-0.035,-0.155,0.045,
-0.035,-0.145,0.025,
-0.035,-0.145,0.035,
-0.035,-0.145,0.045,
-0.035,-0.135,-0.015,
-0.035,-0.135,-0.005,
-0.035,-0.135,0.005,
-0.035,-0.135,0.015,
-0.035,-0.135,0.025,
-0.035,-0.135,0.035,
-0.035,-0.135,0.045,
-0.035,-0.125,-0.015,
-0.035,-0.125,-0.005,
-0.035,-0.125,0.005,
-0.035,-0.125,0.015,
-0.035,-0.125,0.025,
-0.035,-0.125,0.035,
-0.035,-0.125,0.045,
-0.035,-0.115,-0.015,
-0.035,-0.115,-0.005,
-0.035,-0.115,0.005,
-0.035,-0.115,0.015,
-0.035,-0.115,0.025,
-0.035,-0.115,0.035,
-0.035,-0.105,-0.015,
-0.035,-0.105,-0.005,
-0.035,-0.105,0.005,
-0.035,-0.105,0.015,
-0.035,-0.105,0.025,
-0.035,-0.105,0.035,
-0.035,-0.095,-0.015,
-0.035,-0.095,-0.005,
-0.035,-0.095,0.005,
-0.035,-0.095,0.015,
-0.035,-0.095,0.025,
-0.035,-0.095,0.035,
-0.035,-0.085,-0.015,
-0.035,-0.085,-0.005,
-0.035,-0.085,0.005,
-0.035,-0.085,0.015,
-0.035,-0.085,0.025,
-0.035,-0.085,0.035,
-0.035,-0.075,-0.015,
-0.035,-0.075,-0.005,
-0.035,-0.075,0.005,
-0.035,-0.075,0.015,
-0.035,-0.075,0.025,
-0.035,-0.075,0.035,
-0.035,-0.065,-0.015,
-0.035,-0.065,-0.005,
-0.035,-0.065,0.005,
-0.035,-0.065,0.015,
-0.035,-0.065,0.025,
-0.035,-0.065,0.035,
-0.035,-0.055,-0.015,
-0.035,-0.055,-0.005,
-0.035,-0.055,0.005,
-0.035,-0.055,0.015,
-0.035,-0.055,0.025,
-0.035,-0.055,0.035,
-0.035,-0.045,-0.015,
-0.035,-0.045,-0.005,
-0.035,-0.045,0.005,
-0.035,-0.045,0.015,
-0.035,-0.045,0.025,
-0.035,-0.045,0.035,
-0.035,-0.035,-0.015,
-0.035,-0.035,-0.005,
-0.035,-0.035,0.005,
-0.035,-0.035,0.015,
-0.035,-0.035,0.025,
-0.035,-0.035,0.035,
-0.035,-0.025,-0.015,
-0.035,-0.025,-0.005,
-0.035,-0.025,0.005,
-0.035,-0.025,0.015,
-0.035,-0.025,0.025,
-0.035,-0.025,0.035,
-0.035,-0.015,-0.015,
-0.035,-0.015,-0.005,
-0.035,-0.015,0.005,
-0.035,-0.015,0.015,
-0.035,-0.015,0.025,
-0.035,-0.015,0.035,
-0.035,-0.005,-0.015,
-0.035,-0.005,-0.005,
-0.035,-0.005,0.005,
-0.035,-0.005,0.015,
-0.035,-0.005,0.025,
-0.035,-0.005,0.035,
-0.025,-0.215,0.025,
-0.025,-0.215,0.035,
-0.025,-0.215,0.045,
-0.025,-0.205,0.025,
-0.025,-0.205,0.035,
-0.025,-0.205,0.045,
-0.025,-0.195,0.025,
-0.025,-0.195,0.035,
-0.025,-0.195,0.045,
-0.025,-0.185,0.025,
-0.025,-0.185,0.035,
-0.025,-0.185,0.045,
-0.025,-0.175,0.025,
-0.025,-0.175,0.035,
-0.025,-0.175,0.045,
-0.025,-0.165,0.025,
-0.025,-0.165,0.035,
-0.025,-0.165,0.045,
-0.025,-0.155,0.025,
-0.025,-0.155,0.035,
-0.025,-0.155,0.045,
-0.025,-0.145,0.025,
-0.025,-0.145,0.035,
-0.025,-0.145,0.045,
-0.025,-0.135,-0.015,
-0.025,-0.135,-0.005,
-0.025,-0.135,0.005,
-0.025,-0.135,0.015,
-0.025,-0.135,0.025,
-0.025,-0.135,0.035,
-0.025,-0.135,0.045,
-0.025,-0.125,-0.015,
-0.025,-0.125,-0.005,
-0.025,-0.125,0.005,
-0.025,-0.125,0.015,
-0.025,-0.125,0.025,
-0.025,-0.125,0.035,
-0.025,-0.125,0.045,
-0.025,-0.115,-0.015,
-0.025,-0.115,-0.005,
-0.025,-0.115,0.005,
-0.025,-0.115,0.015,
-0.025,-0.115,0.025,
-0.025,-0.115,0.035,
-0.025,-0.105,-0.015,
-0.025,-0.105,-0.005,
-0.025,-0.105,0.005,
-0.025,-0.105,0.015,
-0.025,-0.105,0.025,
-0.025,-0.105,0.035,
-0.025,-0.095,-0.015,
-0.025,-0.095,-0.005,
-0.025,-0.095,0.005,
-0.025,-0.095,0.015,
-0.025,-0.095,0.025,
-0.025,-0.095,0.035,
-0.025,-0.085,-0.015,
-0.025,-0.085,-0.005,
-0.025,-0.085,0.005,
-0.025,-0.085,0.015,
-0.025,-0.085,0.025,
-0.025,-0.085,0.035,
-0.025,-0.075,-0.015,
-0.025,-0.075,-0.005,
-0.025,-0.075,0.005,
-0.025,-0.075,0.015,
-0.025,-0.075,0.025,
-0.025,-0.075,0.035,
-0.025,-0.065,-0.015,
-0.025,-0.065,-0.005,
-0.025,-0.065,0.005,
-0.025,-0.065,0.015,
-0.025,-0.065,0.025,
-0.025,-0.065,0.035,
-0.025,-0.055,-0.015,
-0.025,-0.055,-0.005,
-0.025,-0.055,0.005,
-0.025,-0.055,0.015,
-0.025,-0.055,0.025,
-0.025,-0.055,0.035,
-0.025,-0.045,-0.015,
-0.025,-0.045,-0.005,
-0.025,-0.045,0.005,
-0.025,-0.045,0.015,
-0.025,-0.045,0.025,
-0.025,-0.045,0.035,
-0.025,-0.035,-0.015,
-0.025,-0.035,-0.005,
-0.025,-0.035,0.005,
-0.025,-0.035,0.015,
-0.025,-0.035,0.025,
-0.025,-0.035,0.035,
-0.025,-0.025,-0.015,
-0.025,-0.025,-0.005,
-0.025,-0.025,0.005,
-0.025,-0.025,0.015,
-0.025,-0.025,0.025,
-0.025,-0.025,0.035,
-0.025,-0.015,-0.015,
-0.025,-0.015,-0.005,
-0.025,-0.015,0.005,
-0.025,-0.015,0.015,
-0.025,-0.015,0.025,
-0.025,-0.015,0.035,
-0.025,-0.005,-0.015,
-0.025,-0.005,-0.005,
-0.025,-0.005,0.005,
-0.025,-0.005,0.015,
-0.025,-0.005,0.025,
-0.025,-0.005,0.035,
-0.015,-0.215,0.025,
-0.015,-0.215,0.035,
-0.015,-0.215,0.045,
-0.015,-0.205,0.025,
-0.015,-0.205,0.035,
-0.015,-0.205,0.045,
-0.015,-0.195,0.025,
-0.015,-0.195,0.035,
-0.015,-0.195,0.045,
-0.015,-0.185,0.025,
-0.015,-0.185,0.035,
-0.015,-0.185,0.045,
-0.015,-0.175,0.025,
-0.015,-0.175,0.035,
-0.015,-0.175,0.045,
-0.015,-0.165,0.025,
-0.015,-0.165,0.035,
-0.015,-0.165,0.045,
-0.015,-0.155,0.025,
-0.015,-0.155,0.035,
-0.015,-0.155,0.045,
-0.015,-0.145,0.025,
-0.015,-0.145,0.035,
-0.015,-0.145,0.045,
-0.015,-0.135,-0.015,
-0.015,-0.135,-0.005,
-0.015,-0.135,0.005,
-0.015,-0.135,0.015,
-0.015,-0.135,0.025,
-0.015,-0.135,0.035,
-0.015,-0.135,0.045,
-0.015,-0.125,-0.015,
-0.015,-0.125,-0.005,
-0.015,-0.125,0.005,
-0.015,-0.125,0.015,
-0.015,-0.125,0.025,
-0.015,-0.125,0.035,
-0.015,-0.125,0.045,
-0.015,-0.115,-0.015,
-0.015,-0.115,-0.005,
-0.015,-0.115,0.005,
-0.015,-0.115,0.015,
-0.015,-0.115,0.025,
-0.015,-0.115,0.035,
-0.015,-0.105,-0.015,
-0.015,-0.105,-0.005,
-0.015,-0.105,0.005,
-0.015,-0.105,0.015,
-0.015,-0.105,0.025,
-0.015,-0.105,0.035,
-0.015,-0.095,-0.015,
-0.015,-0.095,-0.005,
-0.015,-0.095,0.005,
-0.015,-0.095,0.015,
-0.015,-0.095,0.025,
-0.015,-0.095,0.035,
-0.015,-0.085,-0.015,
-0.015,-0.085,-0.005,
-0.015,-0.085,0.005,
-0.015,-0.085,0.015,
-0.015,-0.085,0.025,
-0.015,-0.085,0.035,
-0.015,-0.075,-0.015,
-0.015,-0.075,-0.005,
-0.015,-0.075,0.005,
-0.015,-0.075,0.015,
-0.015,-0.075,0.025,
-0.015,-0.075,0.035,
-0.015,-0.065,-0.015,
-0.015,-0.065,-0.005,
-0.015,-0.065,0.005,
-0.015,-0.065,0.015,
-0.015,-0.065,0.025,
-0.015,-0.065,0.035,
-0.015,-0.055,-0.015,
-0.015,-0.055,-0.005,
-0.015,-0.055,0.005,
-0.015,-0.055,0.015,
-0.015,-0.055,0.025,
-0.015,-0.055,0.035,
-0.015,-0.045,-0.015,
-0.015,-0.045,-0.005,
-0.015,-0.045,0.005,
-0.015,-0.045,0.015,
-0.015,-0.045,0.025,
-0.015,-0.045,0.035,
-0.015,-0.035,-0.015,
-0.015,-0.035,-0.005,
-0.015,-0.035,0.005,
-0.015,-0.035,0.015,
-0.015,-0.035,0.025,
-0.015,-0.035,0.035,
-0.015,-0.025,-0.015,
-0.015,-0.025,-0.005,
-0.015,-0.025,0.005,
-0.015,-0.025,0.015,
-0.015,-0.025,0.025,
-0.015,-0.025,0.035,
-0.015,-0.015,-0.015,
-0.015,-0.015,-0.005,
-0.015,-0.015,0.005,
-0.015,-0.015,0.015,
-0.015,-0.015,0.025,
-0.015,-0.015,0.035,
-0.015,-0.005,-0.015,
-0.015,-0.005,-0.005,
-0.015,-0.005,0.005,
-0.015,-0.005,0.015,
-0.015,-0.005,0.025,
-0.015,-0.005,0.035,
-0.005,-0.215,0.025,
-0.005,-0.215,0.035,
-0.005,-0.215,0.045,
-0.005,-0.205,0.025,
-0.005,-0.205,0.035,
-0.005,-0.205,0.045,
-0.005,-0.195,0.025,
-0.005,-0.195,0.035,
-0.005,-0.195,0.045,
-0.005,-0.185,0.025,
-0.005,-0.185,0.035,
-0.005,-0.185,0.045,
-0.005,-0.175,0.025,
-0.005,-0.175,0.035,
-0.005,-0.175,0.045,
-0.005,-0.165,0.025,
-0.005,-0.165,0.035,
-0.005,-0.165,0.045,
-0.005,-0.155,0.025,
-0.005,-0.155,0.035,
-0.005,-0.155,0.045,
-0.005,-0.145,0.025,
-0.005,-0.145,0.035,
-0.005,-0.145,0.045,
-0.005,-0.135,-0.015,
-0.005,-0.135,-0.005,
-0.005,-0.135,0.005,
-0.005,-0.135,0.015,
-0.005,-0.135,0.025,
-0.005,-0.135,0.035,
-0.005,-0.135,0.045,
-0.005,-0.125,-0.015,
-0.005,-0.125,-0.005,
-0.005,-0.125,0.005,
-0.005,-0.125,0.015,
-0.005,-0.125,0.025,
-0.005,-0.125,0.035,
-0.005,-0.125,0.045,
-0.005,-0.115,-0.015,
-0.005,-0.115,-0.005,
-0.005,-0.115,0.005,
-0.005,-0.115,0.015,
-0.005,-0.115,0.025,
-0.005,-0.115,0.035,
-0.005,-0.105,-0.015,
-0.005,-0.105,-0.005,
-0.005,-0.105,0.005,
-0.005,-0.105,0.015,
-0.005,-0.105,0.025,
-0.005,-0.105,0.035,
-0.005,-0.095,-0.015,
-0.005,-0.095,-0.005,
-0.005,-0.095,0.005,
-0.005,-0.095,0.015,
-0.005,-0.095,0.025,
-0.005,-0.095,0.035,
-0.005,-0.085,-0.015,
-0.005,-0.085,-0.005,
-0.005,-0.085,0.005,
-0.005,-0.085,0.015,
-0.005,-0.085,0.025,
-0.005,-0.085,0.035,
-0.005,-0.075,-0.015,
-0.005,-0.075,-0.005,
-0.005,-0.075,0.005,
-0.005,-0.075,0.015,
-0.005,-0.075,0.025,
-0.005,-0.075,0.035,
-0.005,-0.065,-0.015,
-0.005,-0.065,-0.005,
-0.005,-0.065,0.005,
-0.005,-0.065,0.015,
-0.005,-0.065,0.025,
-0.005,-0.065,0.035,
-0.005,-0.055,-0.015,
-0.005,-0.055,-0.005,
-0.005,-0.055,0.005,
-0.005,-0.055,0.015,
-0.005,-0.055,0.025,
-0.005,-0.055,0.035,
-0.005,-0.045,-0.015,
-0.005,-0.045,-0.005,
-0.005,-0.045,0.005,
-0.005,-0.045,0.015,
-0.005,-0.045,0.025,
-0.005,-0.045,0.035,
-0.005,-0.035,-0.015,
-0.005,-0.035,-0.005,
-0.005,-0.035,0.005,
-0.005,-0.035,0.015,
-0.005,-0.035,0.025,
-0.005,-0.035,0.035,
-0.005,-0.025,-0.015,
-0.005,-0.025,-0.005,
-0.005,-0.025,0.005,
-0.005,-0.025,0.015,
-0.005,-0.025,0.025,
-0.005,-0.025,0.035,
-0.005,-0.015,-0.015,
-0.005,-0.015,-0.005,
-0.005,-0.015,0.005,
-0.005,-0.015,0.015,
-0.005,-0.015,0.025,
-0.005,-0.015,0.035,
-0.005,-0.005,-0.015,
-0.005,-0.005,-0.005,
-0.005,-0.005,0.005,
-0.005,-0.005,0.015,
-0.005,-0.005,0.025,
-0.005,-0.005,0.035,
0.005,-0.215,0.025,
0.005,-0.215,0.035,
0.005,-0.215,0.045,
0.005,-0.205,0.025,
0.005,-0.205,0.035,
0.005,-0.205,0.045,
0.005,-0.195,0.025,
0.005,-0.195,0.035,
0.005,-0.195,0.045,
0.005,-0.185,0.025,
0.005,-0.185,0.035,
0.005,-0.185,0.045,
0.005,-0.175,0.025,
0.005,-0.175,0.035,
0.005,-0.175,0.045,
0.005,-0.165,0.025,
0.005,-0.165,0.035,
0.005,-0.165,0.045,
0.005,-0.155,0.025,
0.005,-0.155,0.035,
0.005,-0.155,0.045,
0.005,-0.145,0.025,
0.005,-0.145,0.035,
0.005,-0.145,0.045,
0.005,-0.135,-0.015,
0.005,-0.135,-0.005,
0.005,-0.135,0.005,
0.005,-0.135,0.015,
0.005,-0.135,0.025,
0.005,-0.135,0.035,
0.005,-0.135,0.045,
0.005,-0.125,-0.015,
0.005,-0.125,-0.005,
0.005,-0.125,0.005,
0.005,-0.125,0.015,
0.005,-0.125,0.025,
0.005,-0.125,0.035,
0.005,-0.125,0.045,
0.005,-0.115,-0.015,
0.005,-0.115,-0.005,
0.005,-0.115,0.005,
0.005,-0.115,0.015,
0.005,-0.115,0.025,
0.005,-0.115,0.035,
0.005,-0.105,-0.015,
0.005,-0.105,-0.005,
0.005,-0.105,0.005,
0.005,-0.105,0.015,
0.005,-0.105,0.025,
0.005,-0.105,0.035,
0.005,-0.095,-0.015,
0.005,-0.095,-0.005,
0.005,-0.095,0.005,
0.005,-0.095,0.015,
0.005,-0.095,0.025,
0.005,-0.095,0.035,
0.005,-0.085,-0.015,
0.005,-0.085,-0.005,
0.005,-0.085,0.005,
0.005,-0.085,0.015,
0.005,-0.085,0.025,
0.005,-0.085,0.035,
0.005,-0.075,-0.015,
0.005,-0.075,-0.005,
0.005,-0.075,0.005,
0.005,-0.075,0.015,
0.005,-0.075,0.025,
0.005,-0.075,0.035,
0.005,-0.065,-0.015,
0.005,-0.065,-0.005,
0.005,-0.065,0.005,
0.005,-0.065,0.015,
0.005,-0.065,0.025,
0.005,-0.065,0.035,
0.005,-0.055,-0.015,
0.005,-0.055,-0.005,
0.005,-0.055,0.005,
0.005,-0.055,0.015,
0.005,-0.055,0.025,
0.005,-0.055,0.035,
0.005,-0.045,-0.015,
0.005,-0.045,-0.005,
0.005,-0.045,0.005,
0.005,-0.045,0.015,
0.005,-0.045,0.025,
0.005,-0.045,0.035,
0.005,-0.035,-0.015,
0.005,-0.035,-0.005,
0.005,-0.035,0.005,
0.005,-0.035,0.015,
0.005,-0.035,0.025,
0.005,-0.035,0.035,
0.005,-0.025,-0.015,
0.005,-0.025,-0.005,
0.005,-0.025,0.005,
0.005,-0.025,0.015,
0.005,-0.025,0.025,
0.005,-0.025,0.035,
0.005,-0.015,-0.015,
0.005,-0.015,-0.005,
0.005,-0.015,0.005,
0.005,-0.015,0.015,
0.005,-0.015,0.025,
0.005,-0.015,0.035,
0.005,-0.005,-0.015,
0.005,-0.005,-0.005,
0.005,-0.005,0.005,
0.005,-0.005,0.015,
0.005,-0.005,0.025,
0.005,-0.005,0.035,
0.015,-0.215,0.025,
0.015,-0.215,0.035,
0.015,-0.215,0.045,
0.015,-0.205,0.025,
0.015,-0.205,0.035,
0.015,-0.205,0.045,
0.015,-0.195,0.025,
0.015,-0.195,0.035,
0.015,-0.195,0.045,
0.015,-0.185,0.025,
0.015,-0.185,0.035,
0.015,-0.185,0.045,
0.015,-0.175,0.025,
0.015,-0.175,0.035,
0.015,-0.175,0.045,
0.015,-0.165,0.025,
0.015,-0.165,0.035,
0.015,-0.165,0.045,
0.015,-0.155,0.025,
0.015,-0.155,0.035,
0.015,-0.155,0.045,
0.015,-0.145,0.025,
0.015,-0.145,0.035,
0.015,-0.145,0.045,
0.015,-0.135,-0.015,
0.015,-0.135,-0.005,
0.015,-0.135,0.005,
0.015,-0.135,0.015,
0.015,-0.135,0.025,
0.015,-0.135,0.035,
0.015,-0.135,0.045,
0.015,-0.125,-0.015,
0.015,-0.125,-0.005,
0.015,-0.125,0.005,
0.015,-0.125,0.015,
0.015,-0.125,0.025,
0.015,-0.125,0.035,
0.015,-0.125,0.045,
0.015,-0.115,-0.015,
0.015,-0.115,-0.005,
0.015,-0.115,0.005,
0.015,-0.115,0.015,
0.015,-0.115,0.025,
0.015,-0.115,0.035,
0.015,-0.105,-0.015,
0.015,-0.105,-0.005,
0.015,-0.105,0.005,
0.015,-0.105,0.015,
0.015,-0.105,0.025,
0.015,-0.105,0.035,
0.015,-0.095,-0.015,
0.015,-0.095,-0.005,
0.015,-0.095,0.005,
0.015,-0.095,0.015,
0.015,-0.095,0.025,
0.015,-0.095,0.035,
0.015,-0.085,-0.015,
0.015,-0.085,-0.005,
0.015,-0.085,0.005,
0.015,-0.085,0.015,
0.015,-0.085,0.025,
0.015,-0.085,0.035,
0.015,-0.075,-0.015,
0.015,-0.075,-0.005,
0.015,-0.075,0.005,
0.015,-0.075,0.015,
0.015,-0.075,0.025,
0.015,-0.075,0.035,
0.015,-0.065,-0.015,
0.015,-0.065,-0.005,
0.015,-0.065,0.005,
0.015,-0.065,0.015,
0.015,-0.065,0.025,
0.015,-0.065,0.035,
0.015,-0.055,-0.015,
0.015,-0.055,-0.005,
0.015,-0.055,0.005,
0.015,-0.055,0.015,
0.015,-0.055,0.025,
0.015,-0.055,0.035,
0.015,-0.045,-0.015,
0.015,-0.045,-0.005,
0.015,-0.045,0.005,
0.015,-0.045,0.015,
0.015,-0.045,0.025,
0.015,-0.045,0.035,
0.015,-0.035,-0.015,
0.015,-0.035,-0.005,
0.015,-0.035,0.005,
0.015,-0.035,0.015,
0.015,-0.035,0.025,
0.015,-0.035,0.035,
0.015,-0.025,-0.015,
0.015,-0.025,-0.005,
0.015,-0.025,0.005,
0.015,-0.025,0.015,
0.015,-0.025,0.025,
0.015,-0.025,0.035,
0.015,-0.015,-0.015,
0.015,-0.015,-0.005,
0.015,-0.015,0.005,
0.015,-0.015,0.015,
0.015,-0.015,0.025,
0.015,-0.015,0.035,
0.015,-0.005,-0.015,
0.015,-0.005,-0.005,
0.015,-0.005,0.005,
0.015,-0.005,0.015,
0.015,-0.005,0.025,
0.015,-0.005,0.035,
0.025,-0.215,0.025,
0.025,-0.215,0.035,
0.025,-0.215,0.045,
0.025,-0.205,0.025,
0.025,-0.205,0.035,
0.025,-0.205,0.045,
0.025,-0.195,0.025,
0.025,-0.195,0.035,
0.025,-0.195,0.045,
0.025,-0.185,0.025,
0.025,-0.185,0.035,
0.025,-0.185,0.045,
0.025,-0.175,0.025,
0.025,-0.175,0.035,
0.025,-0.175,0.045,
0.025,-0.165,0.025,
0.025,-0.165,0.035,
0.025,-0.165,0.045,
0.025,-0.155,0.025,
0.025,-0.155,0.035,
0.025,-0.155,0.045,
0.025,-0.145,0.025,
0.025,-0.145,0.035,
0.025,-0.145,0.045,
0.025,-0.135,-0.015,
0.025,-0.135,-0.005,
0.025,-0.135,0.005,
0.025,-0.135,0.015,
0.025,-0.135,0.025,
0.025,-0.135,0.035,
0.025,-0.135,0.045,
0.025,-0.125,-0.015,
0.025,-0.125,-0.005,
0.025,-0.125,0.005,
0.025,-0.125,0.015,
0.025,-0.125,0.025,
0.025,-0.125,0.035,
0.025,-0.125,0.045,
0.025,-0.115,-0.015,
0.025,-0.115,-0.005,
0.025,-0.115,0.005,
0.025,-0.115,0.015,
0.025,-0.115,0.025,
0.025,-0.115,0.035,
0.025,-0.105,-0.015,
0.025,-0.105,-0.005,
0.025,-0.105,0.005,
0.025,-0.105,0.015,
0.025,-0.105,0.025,
0.025,-0.105,0.035,
0.025,-0.095,-0.015,
0.025,-0.095,-0.005,
0.025,-0.095,0.005,
0.025,-0.095,0.015,
0.025,-0.095,0.025,
0.025,-0.095,0.035,
0.025,-0.085,-0.015,
0.025,-0.085,-0.005,
0.025,-0.085,0.005,
0.025,-0.085,0.015,
0.025,-0.085,0.025,
0.025,-0.085,0.035,
0.025,-0.075,-0.015,
0.025,-0.075,-0.005,
0.025,-0.075,0.005,
0.025,-0.075,0.015,
0.025,-0.075,0.025,
0.025,-0.075,0.035,
0.025,-0.065,-0.015,
0.025,-0.065,-0.005,
0.025,-0.065,0.005,
0.025,-0.065,0.015,
0.025,-0.065,0.025,
0.025,-0.065,0.035,
0.025,-0.055,-0.015,
0.025,-0.055,-0.005,
0.025,-0.055,0.005,
0.025,-0.055,0.015,
0.025,-0.055,0.025,
0.025,-0.055,0.035,
0.025,-0.045,-0.015,
0.025,-0.045,-0.005,
0.025,-0.045,0.005,
0.025,-0.045,0.015,
0.025,-0.045,0.025,
0.025,-0.045,0.035,
0.025,-0.035,-0.015,
0.025,-0.035,-0.005,
0.025,-0.035,0.005,
0.025,-0.035,0.015,
0.025,-0.035,0.025,
0.025,-0.035,0.035,
0.025,-0.025,-0.015,
0.025,-0.025,-0.005,
0.025,-0.025,0.005,
0.025,-0.025,0.015,
0.025,-0.025,0.025,
0.025,-0.025,0.035,
0.025,-0.015,-0.015,
0.025,-0.015,-0.005,
0.025,-0.015,0.005,
0.025,-0.015,0.015,
0.025,-0.015,0.025,
0.025,-0.015,0.035,
0.025,-0.005,-0.015,
0.025,-0.005,-0.005,
0.025,-0.005,0.005,
0.025,-0.005,0.015,
0.025,-0.005,0.025,
0.025,-0.005,0.035,
0.035,-0.215,0.025,
0.035,-0.215,0.035,
0.035,-0.215,0.045,
0.035,-0.205,0.025,
0.035,-0.205,0.035,
0.035,-0.205,0.045,
0.035,-0.195,0.025,
0.035,-0.195,0.035,
0.035,-0.195,0.045,
0.035,-0.185,0.025,
0.035,-0.185,0.035,
0.035,-0.185,0.045,
0.035,-0.175,0.025,
0.035,-0.175,0.035,
0.035,-0.175,0.045,
0.035,-0.165,0.025,
0.035,-0.165,0.035,
0.035,-0.165,0.045,
0.035,-0.155,0.025,
0.035,-0.155,0.035,
0.035,-0.155,0.045,
0.035,-0.145,0.025,
0.035,-0.145,0.035,
0.035,-0.145,0.045,
0.035,-0.135,-0.015,
0.035,-0.135,-0.005,
0.035,-0.135,0.005,
0.035,-0.135,0.015,
0.035,-0.135,0.025,
0.035,-0.135,0.035,
0.035,-0.135,0.045,
0.035,-0.125,-0.015,
0.035,-0.125,-0.005,
0.035,-0.125,0.005,
0.035,-0.125,0.015,
0.035,-0.125,0.025,
0.035,-0.125,0.035,
0.035,-0.125,0.045,
0.035,-0.115,-0.015,
0.035,-0.115,-0.005,
0.035,-0.115,0.005,
0.035,-0.115,0.015,
0.035,-0.115,0.025,
0.035,-0.115,0.035,
0.035,-0.105,-0.015,
0.035,-0.105,-0.005,
0.035,-0.105,0.005,
0.035,-0.105,0.015,
0.035,-0.105,0.025,
0.035,-0.105,0.035,
0.035,-0.095,-0.015,
0.035,-0.095,-0.005,
0.035,-0.095,0.005,
0.035,-0.095,0.015,
0.035,-0.095,0.025,
0.035,-0.095,0.035,
0.035,-0.085,-0.015,
0.035,-0.085,-0.005,
0.035,-0.085,0.005,
0.035,-0.085,0.015,
0.035,-0.085,0.025,
0.035,-0.085,0.035,
0.035,-0.075,-0.015,
0.035,-0.075,-0.005,
0.035,-0.075,0.005,
0.035,-0.075,0.015,
0.035,-0.075,0.025,
0.035,-0.075,0.035,
0.035,-0.065,-0.015,
0.035,-0.065,-0.005,
0.035,-0.065,0.005,
0.035,-0.065,0.015,
0.035,-0.065,0.025,
0.035,-0.065,0.035,
0.035,-0.055,-0.015,
0.035,-0.055,-0.005,
0.035,-0.055,0.005,
0.035,-0.055,0.015,
0.035,-0.055,0.025,
0.035,-0.055,0.035,
0.035,-0.045,-0.015,
0.035,-0.045,-0.005,
0.035,-0.045,0.005,
0.035,-0.045,0.015,
0.035,-0.045,0.025,
0.035,-0.045,0.035,
0.035,-0.035,-0.015,
0.035,-0.035,-0.005,
0.035,-0.035,0.005,
0.035,-0.035,0.015,
0.035,-0.035,0.025,
0.035,-0.035,0.035,
0.035,-0.025,-0.015,
0.035,-0.025,-0.005,
0.035,-0.025,0.005,
0.035,-0.025,0.015,
0.035,-0.025,0.025,
0.035,-0.025,0.035,
0.035,-0.015,-0.015,
0.035,-0.015,-0.005,
0.035,-0.015,0.005,
0.035,-0.015,0.015,
0.035,-0.015,0.025,
0.035,-0.015,0.035,
0.035,-0.005,-0.015,
0.035,-0.005,-0.005,
0.035,-0.005,0.005,
0.035,-0.005,0.015,
0.035,-0.005,0.025,
0.035,-0.005,0.035,
0.045,-0.215,0.025,
0.045,-0.215,0.035,
0.045,-0.215,0.045,
0.045,-0.205,0.025,
0.045,-0.205,0.035,
0.045,-0.205,0.045,
0.045,-0.195,0.025,
0.045,-0.195,0.035,
0.045,-0.195,0.045,
0.045,-0.185,0.025,
0.045,-0.185,0.035,
0.045,-0.185,0.045,
0.045,-0.175,0.025,
0.045,-0.175,0.035,
0.045,-0.175,0.045,
0.045,-0.165,0.025,
0.045,-0.165,0.035,
0.045,-0.165,0.045,
0.045,-0.155,0.025,
0.045,-0.155,0.035,
0.045,-0.155,0.045,
0.045,-0.145,0.025,
0.045,-0.145,0.035,
0.045,-0.145,0.045,
0.045,-0.135,-0.015,
0.045,-0.135,-0.005,
0.045,-0.135,0.005,
0.045,-0.135,0.015,
0.045,-0.135,0.025,
0.045,-0.135,0.035,
0.045,-0.135,0.045,
0.045,-0.125,-0.015,
0.045,-0.125,-0.005,
0.045,-0.125,0.005,
0.045,-0.125,0.015,
0.045,-0.125,0.025,
0.045,-0.125,0.035,
0.045,-0.125,0.045,
0.045,-0.115,-0.015,
0.045,-0.115,-0.005,
0.045,-0.115,0.005,
0.045,-0.115,0.015,
0.045,-0.115,0.025,
0.045,-0.115,0.035,
0.045,-0.105,-0.015,
0.045,-0.105,-0.005,
0.045,-0.105,0.005,
0.045,-0.105,0.015,
0.045,-0.105,0.025,
0.045,-0.105,0.035,
0.045,-0.095,-0.015,
0.045,-0.095,-0.005,
0.045,-0.095,0.005,
0.045,-0.095,0.015,
0.045,-0.095,0.025,
0.045,-0.095,0.035,
0.045,-0.085,-0.015,
0.045,-0.085,-0.005,
0.045,-0.085,0.005,
0.045,-0.085,0.015,
0.045,-0.085,0.025,
0.045,-0.085,0.035,
0.045,-0.075,-0.015,
0.045,-0.075,-0.005,
0.045,-0.075,0.005,
0.045,-0.075,0.015,
0.045,-0.075,0.025,
0.045,-0.075,0.035,
0.045,-0.065,-0.015,
0.045,-0.065,-0.005,
0.045,-0.065,0.005,
0.045,-0.065,0.015,
0.045,-0.065,0.025,
0.045,-0.065,0.035,
0.045,-0.055,-0.015,
0.045,-0.055,-0.005,
0.045,-0.055,0.005,
0.045,-0.055,0.015,
0.045,-0.055,0.025,
0.045,-0.055,0.035,
0.045,-0.045,-0.015,
0.045,-0.045,-0.005,
0.045,-0.045,0.005,
0.045,-0.045,0.015,
0.045,-0.045,0.025,
0.045,-0.045,0.035,
0.045,-0.035,-0.015,
0.045,-0.035,-0.005,
0.045,-0.035,0.005,
0.045,-0.035,0.015,
0.045,-0.035,0.025,
0.045,-0.035,0.035,
0.045,-0.025,-0.015,
0.045,-0.025,-0.005,
0.045,-0.025,0.005,
0.045,-0.025,0.015,
0.045,-0.025,0.025,
0.045,-0.025,0.035,
0.045,-0.015,-0.015,
0.045,-0.015,-0.005,
0.045,-0.015,0.005,
0.045,-0.015,0.015,
0.045,-0.015,0.025,
0.045,-0.015,0.035,
0.045,-0.005,-0.015,
0.045,-0.005,-0.005,
0.045,-0.005,0.005,
0.045,-0.005,0.015,
0.045,-0.005,0.025,
0.045,-0.005,0.035,
0.055,-0.215,0.025,
0.055,-0.215,0.035,
0.055,-0.215,0.045,
0.055,-0.205,0.025,
0.055,-0.205,0.035,
0.055,-0.205,0.045,
0.055,-0.195,0.025,
0.055,-0.195,0.035,
0.055,-0.195,0.045,
0.055,-0.185,0.025,
0.055,-0.185,0.035,
0.055,-0.185,0.045,
0.055,-0.175,0.025,
0.055,-0.175,0.035,
0.055,-0.175,0.045,
0.055,-0.165,0.025,
0.055,-0.165,0.035,
0.055,-0.165,0.045,
0.055,-0.155,0.025,
0.055,-0.155,0.035,
0.055,-0.155,0.045,
0.055,-0.145,0.025,
0.055,-0.145,0.035,
0.055,-0.145,0.045,
0.055,-0.135,-0.015,
0.055,-0.135,-0.005,
0.055,-0.135,0.005,
0.055,-0.135,0.015,
0.055,-0.135,0.025,
0.055,-0.135,0.035,
0.055,-0.135,0.045,
0.055,-0.125,-0.015,
0.055,-0.125,-0.005,
0.055,-0.125,0.005,
0.055,-0.125,0.015,
0.055,-0.125,0.025,
0.055,-0.125,0.035,
0.055,-0.125,0.045,
0.055,-0.115,-0.015,
0.055,-0.115,-0.005,
0.055,-0.115,0.005,
0.055,-0.115,0.015,
0.055,-0.115,0.025,
0.055,-0.115,0.035,
0.055,-0.105,-0.015,
0.055,-0.105,-0.005,
0.055,-0.105,0.005,
0.055,-0.105,0.015,
0.055,-0.105,0.025,
0.055,-0.105,0.035,
0.055,-0.095,-0.015,
0.055,-0.095,-0.005,
0.055,-0.095,0.005,
0.055,-0.095,0.015,
0.055,-0.095,0.025,
0.055,-0.095,0.035,
0.055,-0.085,-0.015,
0.055,-0.085,-0.005,
0.055,-0.085,0.005,
0.055,-0.085,0.015,
0.055,-0.085,0.025,
0.055,-0.085,0.035,
0.055,-0.075,-0.015,
0.055,-0.075,-0.005,
0.055,-0.075,0.005,
0.055,-0.075,0.015,
0.055,-0.075,0.025,
0.055,-0.075,0.035,
0.055,-0.065,-0.015,
0.055,-0.065,-0.005,
0.055,-0.065,0.005,
0.055,-0.065,0.015,
0.055,-0.065,0.025,
0.055,-0.065,0.035,
0.055,-0.055,-0.015,
0.055,-0.055,-0.005,
0.055,-0.055,0.005,
0.055,-0.055,0.015,
0.055,-0.055,0.025,
0.055,-0.055,0.035,
0.055,-0.045,-0.015,
0.055,-0.045,-0.005,
0.055,-0.045,0.005,
0.055,-0.045,0.015,
0.055,-0.045,0.025,
0.055,-0.045,0.035,
0.055,-0.035,-0.015,
0.055,-0.035,-0.005,
0.055,-0.035,0.005,
0.055,-0.035,0.015,
0.055,-0.035,0.025,
0.055,-0.035,0.035,
0.055,-0.025,-0.015,
0.055,-0.025,-0.005,
0.055,-0.025,0.005,
0.055,-0.025,0.015,
0.055,-0.025,0.025,
0.055,-0.025,0.035,
0.055,-0.015,-0.015,
0.055,-0.015,-0.005,
0.055,-0.015,0.005,
0.055,-0.015,0.015,
0.055,-0.015,0.025,
0.055,-0.015,0.035,
0.055,-0.005,-0.015,
0.055,-0.005,-0.005,
0.055,-0.005,0.005,
0.055,-0.005,0.015,
0.055,-0.005,0.025,
0.055,-0.005,0.035,
0.065,-0.135,-0.015,
0.065,-0.135,-0.005,
0.065,-0.135,0.005,
0.065,-0.135,0.015,
0.065,-0.125,-0.015,
0.065,-0.125,-0.005,
0.065,-0.125,0.005,
0.065,-0.125,0.015,
0.065,-0.115,-0.015,
0.065,-0.115,-0.005,
0.065,-0.115,0.005,
0.065,-0.115,0.015,
0.065,-0.105,-0.015,
0.065,-0.105,-0.005,
0.065,-0.105,0.005,
0.065,-0.105,0.015,
0.065,-0.095,-0.015,
0.065,-0.095,-0.005,
0.065,-0.095,0.005,
0.065,-0.095,0.015,
0.065,-0.085,-0.015,
0.065,-0.085,-0.005,
0.065,-0.085,0.005,
0.065,-0.085,0.015,
0.065,-0.075,-0.015,
0.065,-0.075,-0.005,
0.065,-0.075,0.005,
0.065,-0.075,0.015,
0.065,-0.065,-0.015,
0.065,-0.065,-0.005,
0.065,-0.065,0.005,
0.065,-0.065,0.015,
0.065,-0.055,-0.015,
0.065,-0.055,-0.005,
0.065,-0.055,0.005,
0.065,-0.055,0.015,
0.075,-0.135,-0.015,
0.075,-0.135,-0.005,
0.075,-0.135,0.005,
0.075,-0.135,0.015,
0.075,-0.125,-0.015,
0.075,-0.125,-0.005,
0.075,-0.125,0.005,
0.075,-0.125,0.015,
0.075,-0.115,-0.015,
0.075,-0.115,-0.005,
0.075,-0.115,0.005,
0.075,-0.115,0.015,
0.075,-0.105,-0.015,
0.075,-0.105,-0.005,
0.075,-0.105,0.005,
0.075,-0.105,0.015,
0.075,-0.095,-0.015,
0.075,-0.095,-0.005,
0.075,-0.095,0.005,
0.075,-0.095,0.015,
0.075,-0.085,-0.015,
0.075,-0.085,-0.005,
0.075,-0.085,0.005,
0.075,-0.085,0.015,
0.075,-0.075,-0.015,
0.075,-0.075,-0.005,
0.075,-0.075,0.005,
0.075,-0.075,0.015,
0.075,-0.065,-0.015,
0.075,-0.065,-0.005,
0.075,-0.065,0.005,
0.075,-0.065,0.015,
0.075,-0.055,-0.015,
0.075,-0.055,-0.005,
0.075,-0.055,0.005,
0.075,-0.055,0.015,
